"Designator","Value","Footprint","Quantity","Part Number"
"C1,C14,C16,C18,C24,C28,C31,C36,C37,C41,C42,C45,C49,C51-C53,C61-C63,C66-C68,C70,C72,C75","100nF","Capacitor_SMD:C_0402_1005Metric","25","CL05B104KP5VPNC"
"C2-C5,C7,C9,C10,C12,C13,C17,C19-C23,C25-C27,C50,C54","10uF","Capacitor_SMD:C_0402_1005Metric","20","GRM155R60J106ME05D"
"C6,C8,C11","220pF","Capacitor_SMD:C_0402_1005Metric","3","GCM1555C1H221JA16D"
"C29,C30,C33-C35,C39,C40,C43,C44,C46-C48,C55-C60,C64,C65,C69,C71","1uF","Capacitor_SMD:C_0402_1005Metric","22","C0402C105K9PACTU"
"C32,C38","10pF","Capacitor_SMD:C_0402_1005Metric","2","GCM1555C1H100JA16D"
"C73,C74","10nF","Capacitor_SMD:C_0402_1005Metric","2","C0402C103K5REC7411"
"D1,D2","LED","LED_SMD:LED_0402_1005Metric","2","LTST-C281KGKT"
"J1","USB_C_Receptacle_USB2.0_16P","Connector_USB:USB_C_Receptacle_GCT_USB4105-xx-A_16P_TopMnt_Horizontal","1","USB4105-GF-A-120"
"J2","Micro_SD_Card_Det2","Connector_Card:microSD_HC_Hirose_DM3AT-SF-PEJM5","1","DM3AT-SF-PEJM5"
"J3","RJ45_Hanrun_HR911105A_Horizontal","Connector_RJ:RJ45_Hanrun_HR911105A_Horizontal","1","HR911105A"
"J4","JST","Connector_JST:JST_SH_SM04B-SRSS-TB_1x04-1MP_P1.00mm_Horizontal","1","SM04B-SRSS-TB"
"L1-L3","1.5uH","Inductor_SMD:L_1008_2520Metric","3","DFE252012P-1R5M=P2"
"L4-L9","3u3/0.9A","Inductor_SMD:L_0805_2012Metric","6","MLP2012S3R3MT0S1"
"R1","40.2k","Resistor_SMD:R_0402_1005Metric","1","RC0402FR-0740K2L"
"R2","9.1k","Resistor_SMD:R_0402_1005Metric","1","RC0402FR-079K1L"
"R3","47k","Resistor_SMD:R_0402_1005Metric","1","RC0402FR-0747KL"
"R4,R6,R9","100k","Resistor_SMD:R_0402_1005Metric","3","RC0402FR-07100KL"
"R5,R7","200k","Resistor_SMD:R_0402_1005Metric","2","RC0402FR-07200KL"
"R8,R17,R18,R26","10k","Resistor_SMD:R_0402_1005Metric","4","RC0402FR-0710KL"
"R10","240R","Resistor_SMD:R_0402_1005Metric","1","RC0402FR-07240RL"
"R11,R12,R21,R22","4.7k","Resistor_SMD:R_0402_1005Metric","4","RC0402FR-074K7L"
"R13,R32","0R","Resistor_SMD:R_0402_1005Metric","2","RC0402FR-070RL"
"R14,R15","5.6k","Resistor_SMD:R_0402_1005Metric","2","RC0402FR-075K6L"
"R16,R19","22R","Resistor_SMD:R_0402_1005Metric","2","RC0402FR-0722RL"
"R20","1M","Resistor_SMD:R_0402_1005Metric","1","RC0402FR-071ML"
"R23,R24","1k","Resistor_SMD:R_0402_1005Metric","2","RC0402FR-071KL"
"R25","6.04k","Resistor_SMD:R_0402_1005Metric","1","RC0402FR-076K04L"
"R27","22R","Resistor_SMD:R_0201_0603Metric","1","RC0201FR-0722RL"
"R30,R31","330R","Resistor_SMD:R_0402_1005Metric","2","RC0402FR-07330RL"
"RN1,RN2","47k","Resistor_SMD:R_Array_Concave_4x0402","2","CAT10-473J4LF"
"TP3-TP6","TestPoint","TestPoint:TestPoint_Pad_1.0x1.0mm","4",""
"U1","RV1103G","rv1103b:Rockchip_QFN-88-1EP_9x9mm_P0.35mm_EP6.5x6.5mm","1","RV1103BG3"
"U2","EA3036C","Package_DFN_QFN:QFN-20-1EP_3x3mm_P0.4mm_EP1.65x1.65mm","1","EA3036CQBR"
"U3,U9","ImageSensor_OV9281","ov9281:OV9281","2","OV9281"
"U4","TLV73312PDBV","Package_TO_SOT_SMD:SOT-23-5","1","TLV73312PDBV"
"U5","TPD2EUSB30","Package_TO_SOT_SMD:Texas_DRT-3","1","TPD2EUSB30ADRTR"
"U6","TLV73328PDBV","Package_TO_SOT_SMD:SOT-23-5","1","TLV73328PDBVR"
"U7","W25Q32JVZP","Package_SON:WSON-8-1EP_6x5mm_P1.27mm_EP3.4x4.3mm","1","W25Q32JVZPIQ"
"U8","LIS2HH12","Package_LGA:LGA-12_2x2mm_P0.5mm","1","LIS2HH12TR"
"Y1,Y3","TXC-7C","Oscillator:Oscillator_SMD_TXC_7C-4Pin_5.0x3.2mm","2","SX5M24.000D20F30TNN"
"Y2","24Mhz","Crystal:Crystal_SMD_2016-4Pin_2.0x1.6mm","1","ECS-240-8-37B-CKY-TR"
