Ref,Val,Package,PosX,PosY,Rot,Side
"C1","100nF","C_0402_1005Metric",84.800000,-105.490000,90.000000,bottom
"C2","10uF","C_0402_1005Metric",85.200000,-111.920000,-90.000000,bottom
"C3","10uF","C_0402_1005Metric",86.200000,-111.920000,-90.000000,bottom
"C4","10uF","C_0402_1005Metric",85.800000,-105.490000,90.000000,bottom
"C5","10uF","C_0402_1005Metric",89.000000,-109.890000,180.000000,bottom
"C6","220pF","C_0402_1005Metric",89.000000,-111.890000,180.000000,bottom
"C7","10uF","C_0402_1005Metric",89.000000,-110.890000,180.000000,bottom
"C8","220pF","C_0402_1005Metric",80.800000,-110.000000,180.000000,bottom
"C9","10uF","C_0402_1005Metric",81.700000,-107.940000,0.000000,bottom
"C10","10uF","C_0402_1005Metric",81.700000,-106.940000,0.000000,bottom
"C11","220pF","C_0402_1005Metric",80.050000,-113.660000,-90.000000,bottom
"C12","10uF","C_0402_1005Metric",80.050000,-111.760000,90.000000,bottom
"C13","10uF","C_0402_1005Metric",79.050000,-111.760000,90.000000,bottom
"C14","100nF","C_0402_1005Metric",86.800000,-103.490000,90.000000,bottom
"C16","100nF","C_0402_1005Metric",88.800000,-103.500000,90.000000,bottom
"C17","10uF","C_0402_1005Metric",122.600000,-94.250000,180.000000,bottom
"C19","10uF","C_0402_1005Metric",127.900000,-100.950000,-90.000000,bottom
"C21","10uF","C_0402_1005Metric",128.900000,-100.950000,-90.000000,bottom
"C24","100nF","C_0402_1005Metric",133.500000,-100.400000,0.000000,bottom
"C27","10uF","C_0402_1005Metric",125.200000,-100.950000,-90.000000,bottom
"C28","100nF","C_0402_1005Metric",131.000000,-101.300000,-90.000000,bottom
"C29","1uF","C_0402_1005Metric",92.480000,-107.690000,0.000000,bottom
"C30","1uF","C_0402_1005Metric",90.600000,-110.970000,90.000000,bottom
"C32","10pF","C_0402_1005Metric",121.205000,-100.975000,0.000000,bottom
"C33","1uF","C_0402_1005Metric",91.975000,-105.850000,90.000000,bottom
"C34","1uF","C_0402_1005Metric",95.475000,-107.750000,180.000000,bottom
"C36","100nF","C_0402_1005Metric",170.100000,-92.900000,90.000000,bottom
"C37","100nF","C_0402_1005Metric",122.600000,-93.250000,180.000000,bottom
"C38","10pF","C_0402_1005Metric",121.105000,-96.875000,0.000000,bottom
"C39","1uF","C_0402_1005Metric",168.260000,-91.200000,90.000000,bottom
"C43","1uF","C_0402_1005Metric",170.100000,-96.100000,-90.000000,bottom
"C50","10uF","C_0402_1005Metric",146.002500,-96.777500,0.000000,bottom
"C51","100nF","C_0402_1005Metric",165.760000,-91.200000,90.000000,bottom
"C52","100nF","C_0402_1005Metric",166.760000,-91.200000,90.000000,bottom
"C57","1uF","C_0402_1005Metric",83.532500,-93.328000,90.000000,bottom
"C59","1uF","C_0402_1005Metric",85.372500,-98.228000,-90.000000,bottom
"C62","100nF","C_0402_1005Metric",83.532500,-96.528000,-90.000000,bottom
"C72","100nF","C_0402_1005Metric",122.500000,-91.100000,180.000000,bottom
"C75","100nF","C_0402_1005Metric",124.185000,-100.935000,-90.000000,bottom
"FID2","Fiducial","Fiducial_0.5mm_Mask1.5mm",71.000000,-107.000000,-90.000000,bottom
"FID5","Fiducial","Fiducial_0.5mm_Mask1.5mm",71.000000,-93.000000,180.000000,bottom
"FID6","Fiducial","Fiducial_0.5mm_Mask1.5mm",182.500000,-93.000000,-90.000000,bottom
"J1","USB_C_Receptacle_USB2.0_16P","USB_C_Receptacle_GCT_USB4105-xx-A_16P_TopMnt_Horizontal",128.330000,-111.320000,180.000000,bottom
"J2","Micro_SD_Card_Det2","microSD_HC_Hirose_DM3AT-SF-PEJM5",144.400000,-106.100000,180.000000,bottom
"J4","JST","JST_SH_SM04B-SRSS-TB_1x04-1MP_P1.00mm_Horizontal",159.000000,-112.000000,180.000000,bottom
"L1","1.5uH","L_1008_2520Metric",89.100000,-107.990000,0.000000,bottom
"L2","1.5uH","L_1008_2520Metric",82.300000,-105.090000,180.000000,bottom
"L3","1.5uH","L_1008_2520Metric",82.550000,-112.340000,180.000000,bottom
"L4","3u3/0.9A","L_0805_2012Metric",171.600000,-98.100000,90.000000,bottom
"L6","3u3/0.9A","L_0805_2012Metric",169.600000,-90.000000,-90.000000,bottom
"L8","3u3/0.9A","L_0805_2012Metric",82.032500,-91.328000,-90.000000,bottom
"L9","3u3/0.9A","L_0805_2012Metric",84.032500,-99.428000,90.000000,bottom
"R1","40.2k","R_0402_1005Metric",88.990000,-112.890000,180.000000,bottom
"R2","9.1k","R_0402_1005Metric",89.000000,-113.900000,0.000000,bottom
"R3","47k","R_0402_1005Metric",80.800000,-108.940000,180.000000,bottom
"R4","100k","R_0402_1005Metric",78.500000,-108.900000,180.000000,bottom
"R5","200k","R_0402_1005Metric",79.050000,-113.660000,-90.000000,bottom
"R6","100k","R_0402_1005Metric",78.050000,-113.660000,90.000000,bottom
"R7","200k","R_0402_1005Metric",86.800000,-105.490000,90.000000,bottom
"R8","10k","R_0402_1005Metric",87.800000,-105.480000,90.000000,bottom
"R9","100k","R_0402_1005Metric",88.800000,-105.500000,90.000000,bottom
"R10","240R","R_0402_1005Metric",126.900000,-100.950000,90.000000,bottom
"R19","22R","R_0402_1005Metric",123.100000,-97.560000,-90.000000,bottom
"R20","1M","R_0402_1005Metric",123.100000,-99.550000,-90.000000,bottom
"R27","22R","R_0201_0603Metric",135.000000,-94.400000,0.000000,bottom
"U1","RV1103G","Rockchip_QFN-88-1EP_9x9mm_P0.35mm_EP6.5x6.5mm",128.700000,-94.850000,180.000000,bottom
"U2","EA3036C","QFN-20-1EP_3x3mm_P0.4mm_EP1.65x1.65mm",84.900000,-108.740000,0.000000,bottom
"U4","TLV73312PDBV","SOT-23-5",92.900000,-110.327500,-90.000000,bottom
"U5","TPD2EUSB30","Texas_DRT-3",128.900000,-105.835000,180.000000,bottom
"U6","TLV73328PDBV","SOT-23-5",94.637500,-105.400000,0.000000,bottom
"Y1","TXC-7C","Oscillator_SMD_TXC_7C-4Pin_5.0x3.2mm",172.700000,-93.200000,-90.000000,bottom
"Y2","24Mhz","Crystal_SMD_2016-4Pin_2.0x1.6mm",121.200000,-98.950000,90.000000,bottom
"Y3","TXC-7C","Oscillator_SMD_TXC_7C-4Pin_5.0x3.2mm",80.932500,-96.228000,90.000000,bottom
"C18","100nF","C_0402_1005Metric",128.300000,-88.750000,90.000000,top
"C20","10uF","C_0402_1005Metric",134.800000,-92.950000,0.000000,top
"C22","10uF","C_0402_1005Metric",132.800000,-88.750000,90.000000,top
"C23","10uF","C_0402_1005Metric",134.800000,-97.300000,0.000000,top
"C25","10uF","C_0402_1005Metric",126.300000,-88.750000,90.000000,top
"C26","10uF","C_0402_1005Metric",122.500000,-95.900000,180.000000,top
"C31","100nF","C_0402_1005Metric",135.200000,-109.950000,-90.000000,top
"C35","1uF","C_0402_1005Metric",162.800000,-95.725000,180.000000,top
"C40","1uF","C_0402_1005Metric",162.795000,-93.700000,180.000000,top
"C41","100nF","C_0402_1005Metric",164.600000,-98.200000,-90.000000,top
"C42","100nF","C_0402_1005Metric",166.800000,-97.805000,0.000000,top
"C44","1uF","C_0402_1005Metric",162.700000,-96.800000,180.000000,top
"C45","100nF","C_0402_1005Metric",163.625000,-98.225000,-90.000000,top
"C46","1uF","C_0402_1005Metric",162.800000,-94.700000,180.000000,top
"C47","1uF","C_0402_1005Metric",162.800000,-92.700000,180.000000,top
"C48","1uF","C_0402_1005Metric",166.800000,-100.800000,0.000000,top
"C49","100nF","C_0402_1005Metric",120.132500,-103.600000,90.000000,top
"C53","100nF","C_0402_1005Metric",165.400000,-91.200000,90.000000,top
"C54","10uF","C_0402_1005Metric",119.000000,-103.600000,90.000000,top
"C55","1uF","C_0402_1005Metric",168.500000,-98.200000,-90.000000,top
"C56","1uF","C_0402_1005Metric",85.132500,-91.228000,90.000000,top
"C58","1uF","C_0402_1005Metric",90.900000,-94.400000,0.000000,top
"C60","1uF","C_0402_1005Metric",90.900000,-93.400000,0.000000,top
"C61","100nF","C_0402_1005Metric",90.900000,-92.400000,0.000000,top
"C63","100nF","C_0402_1005Metric",90.900000,-91.400000,0.000000,top
"C64","1uF","C_0402_1005Metric",88.332500,-89.128000,90.000000,top
"C65","1uF","C_0402_1005Metric",90.900000,-96.400000,0.000000,top
"C66","100nF","C_0402_1005Metric",88.900000,-98.200000,-90.000000,top
"C67","100nF","C_0402_1005Metric",86.900000,-98.200000,-90.000000,top
"C68","100nF","C_0402_1005Metric",87.900000,-98.200000,-90.000000,top
"C69","1uF","C_0402_1005Metric",89.900000,-98.200000,-90.000000,top
"C70","100nF","C_0402_1005Metric",86.832500,-91.623000,180.000000,top
"C71","1uF","C_0402_1005Metric",90.900000,-95.400000,0.000000,top
"C73","10nF","C_0402_1005Metric",109.000000,-93.300000,180.000000,top
"C74","10nF","C_0402_1005Metric",109.100000,-99.000000,-90.000000,top
"D1","LED","LED_0402_1005Metric",118.200000,-95.825000,90.000000,top
"D2","LED","LED_0402_1005Metric",119.200000,-95.825000,90.000000,top
"FID1","Fiducial","Fiducial_0.5mm_Mask1.5mm",71.000000,-93.000000,0.000000,top
"FID3","Fiducial","Fiducial_0.5mm_Mask1.5mm",71.000000,-107.000000,0.000000,top
"FID4","Fiducial","Fiducial_0.5mm_Mask1.5mm",182.500000,-93.000000,0.000000,top
"L5","3u3/0.9A","L_0805_2012Metric",169.900000,-99.400000,90.000000,top
"L7","3u3/0.9A","L_0805_2012Metric",83.732500,-90.028000,-90.000000,top
"R11","4.7k","R_0402_1005Metric",111.600000,-91.200000,-90.000000,top
"R12","4.7k","R_0402_1005Metric",112.600000,-91.200000,-90.000000,top
"R13","0R","R_0402_1005Metric",166.335000,-99.310000,-90.000000,top
"R14","5.6k","R_0402_1005Metric",129.650000,-110.035000,90.000000,top
"R15","5.6k","R_0402_1005Metric",127.000000,-110.035000,-90.000000,top
"R16","22R","R_0402_1005Metric",129.900000,-100.950000,-90.000000,top
"R17","10k","R_0402_1005Metric",138.500000,-103.000000,0.000000,top
"R18","10k","R_0402_1005Metric",134.000000,-105.700000,90.000000,top
"R21","4.7k","R_0402_1005Metric",122.232500,-102.090000,0.000000,top
"R22","4.7k","R_0402_1005Metric",122.222500,-105.790000,0.000000,top
"R23","1k","R_0402_1005Metric",118.200000,-98.000000,-90.000000,top
"R24","1k","R_0402_1005Metric",119.200000,-98.000000,-90.000000,top
"R25","6.04k","R_0402_1005Metric",127.300000,-88.750000,-90.000000,top
"R26","10k","R_0402_1005Metric",134.800000,-96.300000,0.000000,top
"R30","330R","R_0402_1005Metric",107.900000,-108.400000,180.000000,top
"R31","330R","R_0402_1005Metric",113.850000,-110.450000,90.000000,top
"R32","0R","R_0402_1005Metric",87.297500,-90.118000,90.000000,top
"RN1","47k","R_Array_Concave_4x0402",144.025000,-100.875000,-90.000000,top
"RN2","47k","R_Array_Concave_4x0402",149.325000,-100.875000,-90.000000,top
"U3","ImageSensor_OV9281","OV9281",166.432500,-94.714000,180.000000,top
"U7","W25Q32JVZP","WSON-8-1EP_6x5mm_P1.27mm_EP3.4x4.3mm",137.900000,-106.235000,180.000000,top
"U8","LIS2HH12","LGA-12_2x2mm_P0.5mm",121.962500,-103.950000,180.000000,top
"U9","ImageSensor_OV9281","OV9281",87.200000,-94.714000,0.000000,top
